ACK,ARP,BF,HTTP,MHDis,OS,SCHD,SP,SYN,UDP
0.9983144012824848,0.9603426563417594,0.8192408474910833,1.0,0.968966092770495,0.9258603567508964,0.9975592456128914,1.0,0.9865950099522474,1.0
0.8123779773378,0.9567883413625023,0.5961038768835243,1.0,0.6895835329748238,0.9282607831977158,0.9966436683416892,0.9982664382444116,0.9264082085081464,0.4931693989071039
