ACK,ARP,BF,HTTP,MHDis,OS,SCHD,SP,SYN,UDP
0.5904397250667087,0.9606284670342627,0.7394452441208754,0.8732028379886447,0.9562254143692938,0.93962402631363,0.9752586068737268,0.9861435145521152,0.99471473811306,0.582991863513247
0.3373109295281829,0.9364425879736756,0.4630246735851181,0.9160931942612794,0.6324446965399887,0.6478868673428541,0.900972918756269,0.96116350858356,0.9508302556750752,0.2886029411764705
