ACK,ARP,BF,HTTP,MHDis,OS,SCHD,SP,SYN,UDP
0.901950724086445,0.9586152604359232,0.7505309258940627,0.9663817172032652,0.7026722791825143,0.8671170245817776,0.97346627455687,0.9870877845563586,0.9952812581289268,0.6087040230689891
0.2957207365406976,0.9535149012241412,0.4630246735851181,0.3564161239218447,0.637097865453243,0.9643067496042576,0.9978334080375408,0.9987619458803486,0.9840802126507272,0.2886029411764705
